パーツ番号,パーツ画像,ID変換画像,-1だったら独立パーツ,親パーツ番号,パーツカラー,内包パーツ数,ご飯の量,海苔のサイズ
0,me0.png,me0_IDcolor.png,0,1,-1,"(235, 118, 39, 13)",3,2306609.0,6432.382485151291
1,me1.png,me1_IDcolor.png,2,-1,0,"(237, 125, 49, 255)",0,248978.5,2070.569757461548
2,me2.png,me2_IDcolor.png,1,-1,0,"(237, 125, 49, 255)",0,160501.5,1581.9768254756927
3,me3.png,me3_IDcolor.png,1,-1,0,"(109, 143, 138, 255)",0,176059.0,1617.92509162426
